Address,AddressName(optional)
0xcdb9******************************b5a3e2,空投1
0x00ff******************************57a5ba,空投2
0x5573******************************92fd4e,空投3
0x5af3******************************998de0,空投4
0x6285******************************97a3a6,空投5
0x3de4******************************ba1c57,空投6
0xee98******************************5edc68,空投7
0xf9f5******************************8533f3,空投8
0x0e31******************************4115c3,空投9
0x5a76******************************169007,空投10
0xe574******************************3dc113,空投11
0xd151******************************8bee79,空投12
0x362e******************************41dbde,空投13
0xedb2******************************c8d718,空投14
0x7747******************************f76692,空投15
0x1b9e******************************6306b7,空投16
0x9cb0******************************1e2a07,空投17
0x0123******************************612eb8,空投18
0x2235******************************41f2e5,空投19
0x0322******************************2bd8fd,空投20
0xeebc******************************7bac50,空投21
0xf5f6******************************7dfea5,空投22
0x060b******************************34db4a,空投23
0x110e******************************eb0c03,空投24
0x4b2a******************************a3f0e8,空投25
0x244b******************************8497b0,空投26
0x7b83******************************2e0d84,空投27
0x54e3******************************7fb6f0,空投28
0x6cff******************************a8113e,空投29
0x115f******************************8ba331,空投30
0xae38******************************66942e,空投31
0xecb8******************************c4fe84,空投32
0xfce6******************************dc1ae8,空投33
0x30dc******************************0c94ad,空投34
0xe479******************************6fa0ea,空投35
0x85fd******************************7219aa,空投36
0xf310******************************96fbf4,空投37
0x3fb4******************************5511f5,空投38
0x531f******************************d02412,空投39
0x16d8******************************150d4a,空投40
0xd54c******************************fd8e12,空投41
0xa811******************************c86a97,空投42
0x59b0******************************9774e0,空投43
0x5b39******************************698f4f,空投44
0x4ea3******************************50e919,空投45
0x771d******************************e06922,空投46
0xeadc******************************98c716,空投47
0x2eb5******************************29618d,空投48
0x005f******************************debbc3,空投49
0x9199******************************1e23f1,空投50
0x058c******************************90453f,空投51
0x0a18******************************5c0220,空投52
0x8547******************************96bcb6,空投53
0xd0a6******************************e373e2,空投54
0x3beb******************************5a5afb,空投55
0x9efe******************************5688b1,空投56
0xd3bc******************************d21752,空投57
0x6792******************************01e3ab,空投58
0x1569******************************f565d8,空投59
0x2cb9******************************c16fa0,空投60
0xf0b3******************************dc7b14,空投61
0xf328******************************affd0e,空投62
0xd85c******************************25e3aa,空投63
0x8b2a******************************a1b581,空投64
0xec29******************************c458ab,空投65
0x6714******************************601c62,空投66
0x97e7******************************482a8c,空投67
0x6b63******************************1d82fe,空投68
0x17ce******************************ff479b,空投69
0xe345******************************1b37cd,空投70
0xe3de******************************8cb3ff,空投71
0x8326******************************d6291b,空投72
0x5de7******************************50ef26,空投73
0xdaf3******************************f955f4,空投74
0xfa14******************************048404,空投75
0x3cbf******************************eb012b,空投76
0xb0fe******************************90dc23,空投77
0x02d4******************************aa4036,空投78
0x442c******************************e1aa6e,空投79
0xb1b3******************************b7231d,空投80
0xbcbb******************************2d7f03,空投81
0xa290******************************3e56bc,空投82
0xc10b******************************bea9d1,空投83
0xda17******************************65f3e1,空投84
0xe09a******************************fa20b3,空投85
0xf848******************************2ee965,空投86
0xd146******************************324f56,空投87
0x0727******************************685b69,空投88
0xe99a******************************574b91,空投89
0x4bec******************************873729,空投90
0x8529******************************dc84f1,空投91
0x5aac******************************602a01,空投92
0xc579******************************b0f581,空投93
0xf87f******************************14fb16,空投94
0x6c82******************************c2a452,空投95
0x8dbc******************************9bd536,空投96
0xc3c5******************************6fe113,空投97
0x87a2******************************0cc2ad,空投98
0x7b0c******************************8069bf,空投99
0xc5eb******************************e0d9e1,空投100